timestamp,ph,tds,water_flow,air_humidity,air_temperature,ldr_value,water_temperature,water_level,ph_label,tds_label,ambient_label,light_label,status
2025-12-10 15:01:32,6.0,955.0,9.78,55.56,26.48,2437.0,22.62,12.74,Normal,Low,Ideal,Normal,Warning
2025-12-10 15:01:36,7.03,1000.0,9.89,40.67,23.46,833.0,23.42,14.19,High,Low,Ideal,Normal,Warning
2025-12-10 15:01:44,7.38,1911.0,10.27,69.45,22.77,831.0,23.2,11.77,Too High,High,Ideal,Normal,Critical
2025-12-10 15:01:54,6.94,1830.0,11.2,61.8,27.95,2813.0,25.4,14.56,High,High,Ideal,Too Bright,Warning
2025-12-10 15:01:59,7.28,1014.0,10.69,43.64,24.19,2172.0,24.2,11.98,Too High,Low,Ideal,Normal,Critical
2025-12-10 15:02:09,7.32,1502.0,10.4,59.4,20.42,961.0,24.77,10.55,Too High,Normal,Ideal,Normal,Critical
2025-12-10 15:02:14,7.2,1116.0,11.74,47.46,24.82,2346.0,25.46,12.23,High,Normal,Ideal,Normal,Warning
2025-12-10 15:02:24,5.7,1770.0,11.56,45.4,20.19,1204.0,23.87,10.99,Low,High,Ideal,Normal,Warning
2025-12-10 15:02:29,7.13,1253.0,9.61,57.9,24.25,695.0,25.24,13.38,High,Normal,Ideal,Normal,Warning
2025-12-10 15:02:39,6.12,1293.0,7.71,64.71,26.06,1905.0,24.93,10.72,Normal,Normal,Ideal,Normal,Optimal
2025-12-10 15:02:49,7.11,1702.0,11.48,51.1,26.7,1489.0,23.68,10.0,High,High,Ideal,Normal,Warning
2025-12-10 15:02:59,6.46,1717.0,10.54,49.44,21.34,2347.0,24.25,12.82,Normal,High,Ideal,Normal,Warning
2025-12-10 15:03:04,6.36,1819.0,8.82,61.17,23.85,2470.0,25.76,10.74,Normal,High,Ideal,Normal,Warning
2025-12-10 15:03:14,7.08,920.0,8.78,41.08,24.77,760.0,23.96,13.89,High,Low,Ideal,Normal,Warning
2025-12-10 15:03:19,6.88,1287.0,7.32,58.48,20.54,2458.0,23.21,12.4,High,Normal,Ideal,Normal,Warning
2025-12-10 15:03:29,6.69,1449.0,10.91,66.35,24.64,837.0,23.24,14.44,Normal,Normal,Ideal,Normal,Optimal
2025-12-10 15:03:34,6.76,874.0,11.73,49.64,27.6,629.0,23.99,13.45,Normal,Low,Ideal,Normal,Warning
2025-12-10 15:03:44,6.02,1347.0,9.82,40.63,27.96,2700.0,25.21,13.59,Normal,Normal,Ideal,Too Bright,Warning
2025-12-10 15:03:49,6.63,1367.0,10.54,67.87,23.78,963.0,24.32,11.3,Normal,Normal,Ideal,Normal,Optimal
2025-12-10 15:03:59,6.3,1046.0,11.38,62.97,22.93,2034.0,24.71,12.93,Normal,Low,Ideal,Normal,Warning
2025-12-10 15:04:04,6.94,1073.0,10.37,57.91,22.41,1818.0,24.2,13.01,High,Low,Ideal,Normal,Warning
2025-12-10 15:04:09,7.35,1826.0,9.05,63.45,26.34,1157.0,24.35,13.6,Too High,High,Ideal,Normal,Critical
2025-12-10 15:04:19,5.93,918.0,10.94,40.19,24.02,2205.0,25.82,14.37,Low,Low,Ideal,Normal,Warning
2025-12-10 15:04:29,7.07,1189.0,10.12,58.16,24.11,1134.0,25.56,10.49,High,Normal,Ideal,Normal,Warning
2025-12-10 15:04:39,6.12,1480.0,9.41,41.6,21.99,1731.0,22.1,10.3,Normal,Normal,Ideal,Normal,Optimal
2025-12-10 15:04:44,5.82,1171.0,8.71,50.5,23.37,1150.0,24.56,12.95,Low,Normal,Ideal,Normal,Warning
2025-12-10 15:04:49,6.04,1632.0,7.3,50.97,20.65,813.0,23.16,13.02,Normal,Normal,Ideal,Normal,Optimal
2025-12-10 15:04:59,6.73,1075.0,8.33,58.23,21.3,2895.0,22.62,12.64,Normal,Normal,Ideal,Too Bright,Warning
2025-12-10 15:05:04,6.7,1504.0,8.02,45.1,20.23,1458.0,23.25,10.7,Normal,Normal,Ideal,Normal,Optimal
2025-12-10 15:05:14,6.63,1334.0,7.51,56.12,20.96,2787.0,23.28,10.39,Normal,Normal,Ideal,Too Bright,Warning
2025-12-10 15:05:19,5.54,1802.0,11.84,63.98,22.96,1115.0,22.64,14.17,Low,High,Ideal,Normal,Warning
2025-12-10 15:05:29,6.16,1481.0,7.22,51.71,23.62,1325.0,24.25,12.06,Normal,Normal,Ideal,Normal,Optimal
2025-12-10 15:05:34,7.16,922.0,9.66,46.69,21.89,1035.0,23.69,12.66,High,Low,Ideal,Normal,Warning
2025-12-10 15:05:44,6.81,1497.0,10.31,64.54,25.18,2162.0,24.0,12.31,Normal,Normal,Ideal,Normal,Optimal
2025-12-10 15:05:54,6.82,1327.0,9.79,55.6,24.91,805.0,23.32,10.68,Normal,Normal,Ideal,Normal,Optimal
2025-12-10 15:05:59,6.15,1144.0,7.16,49.89,27.35,692.0,23.53,13.01,Normal,Normal,Ideal,Normal,Optimal
2025-12-10 15:06:04,5.82,1150.0,7.72,40.25,27.09,1966.0,22.18,11.27,Low,Normal,Ideal,Normal,Warning
2025-12-10 15:06:14,6.59,1429.0,9.77,41.65,21.54,1031.0,22.36,12.9,Normal,Normal,Ideal,Normal,Optimal
2025-12-10 15:06:19,7.49,1983.0,10.74,58.29,21.49,1608.0,22.3,13.21,Too High,High,Ideal,Normal,Critical
2025-12-10 15:06:29,6.01,1563.0,10.62,61.01,22.28,2187.0,22.49,11.76,Normal,Normal,Ideal,Normal,Optimal
2025-12-10 15:06:34,7.27,1716.0,9.65,59.38,23.51,882.0,23.71,10.48,High,High,Ideal,Normal,Warning
2025-12-10 15:06:44,7.4,1362.0,8.42,64.39,24.15,1084.0,23.91,10.96,Too High,Normal,Ideal,Normal,Critical
2025-12-10 15:06:49,6.51,1851.0,9.13,65.17,26.92,678.0,23.1,10.25,Normal,High,Ideal,Normal,Warning
2025-12-10 15:06:59,6.12,1552.0,11.69,58.29,22.83,2591.0,24.69,11.42,Normal,Normal,Ideal,Too Bright,Warning
2025-12-10 15:07:04,5.85,1147.0,8.71,67.58,20.35,922.0,23.49,11.72,Low,Normal,Ideal,Normal,Warning
2025-12-10 15:07:14,6.74,994.0,7.47,69.07,25.58,2880.0,23.67,14.74,Normal,Low,Ideal,Too Bright,Warning
2025-12-10 15:07:24,5.55,1041.0,8.96,68.11,21.11,2088.0,25.06,13.07,Low,Low,Ideal,Normal,Warning
2025-12-10 15:07:29,5.85,1366.0,8.38,59.23,23.96,2309.0,23.58,13.49,Low,Normal,Ideal,Normal,Warning
2025-12-10 15:07:34,7.19,1662.0,11.88,57.26,26.85,1304.0,25.41,14.69,High,Normal,Ideal,Normal,Warning
2025-12-10 15:07:44,5.77,1803.0,11.34,60.91,20.3,1184.0,24.07,13.69,Low,High,Ideal,Normal,Warning
2025-12-10 15:07:54,6.4,1300.0,7.32,60.3,27.7,1518.0,24.45,12.54,Normal,Normal,Ideal,Normal,Optimal
2025-12-10 15:08:04,6.91,1124.0,7.62,67.56,24.76,964.0,22.76,11.69,High,Normal,Ideal,Normal,Warning
2025-12-10 15:08:09,7.47,829.0,11.15,64.48,23.22,763.0,24.43,11.87,Too High,Low,Ideal,Normal,Critical
2025-12-10 15:08:19,5.82,916.0,11.02,60.95,23.84,800.0,23.08,13.81,Low,Low,Ideal,Normal,Warning
2025-12-10 15:08:29,7.4,1324.0,8.2,58.02,25.21,2587.0,22.52,10.26,Too High,Normal,Ideal,Too Bright,Critical
2025-12-10 15:08:39,5.91,1675.0,7.58,45.82,26.26,556.0,25.19,13.31,Low,Normal,Ideal,Normal,Warning
2025-12-10 15:08:44,5.97,1519.0,9.64,58.78,21.62,1519.0,24.67,12.17,Normal,Normal,Ideal,Normal,Optimal
2025-12-10 15:08:49,6.66,1686.0,10.42,57.7,22.25,554.0,22.64,12.16,Normal,High,Ideal,Normal,Warning
2025-12-10 15:08:59,6.12,1737.0,10.54,52.82,23.23,734.0,23.21,14.67,Normal,High,Ideal,Normal,Warning
2025-12-10 15:09:04,6.65,865.0,7.19,65.45,22.85,2226.0,24.47,13.43,Normal,Low,Ideal,Normal,Warning
2025-12-10 15:09:09,7.28,1529.0,8.55,68.13,27.41,1173.0,23.75,11.06,Too High,Normal,Ideal,Normal,Critical
2025-12-10 15:09:14,6.05,1473.0,7.01,45.72,26.29,1493.0,25.4,12.39,Normal,Normal,Ideal,Normal,Optimal
2025-12-10 15:09:24,6.17,1883.0,9.55,49.88,20.59,955.0,25.84,14.72,Normal,High,Ideal,Normal,Warning
2025-12-10 15:09:34,6.16,1101.0,9.91,57.04,22.7,901.0,23.78,10.68,Normal,Normal,Ideal,Normal,Optimal
2025-12-10 15:09:44,6.22,1432.0,9.66,62.0,21.33,1010.0,24.31,12.83,Normal,Normal,Ideal,Normal,Optimal
2025-12-10 15:09:54,5.85,1922.0,9.08,48.69,24.67,817.0,22.12,13.87,Low,High,Ideal,Normal,Warning
2025-12-10 15:09:59,6.91,1095.0,9.31,62.12,22.51,859.0,23.01,14.17,High,Normal,Ideal,Normal,Warning
2025-12-10 15:10:04,6.83,1046.0,8.56,56.68,20.7,1047.0,22.03,10.8,Normal,Low,Ideal,Normal,Warning
2025-12-10 15:10:09,7.15,1966.0,10.75,64.92,26.84,2574.0,22.11,10.56,High,High,Ideal,Too Bright,Warning
2025-12-10 15:10:19,7.05,1332.0,7.67,60.68,23.38,2096.0,25.73,10.37,High,Normal,Ideal,Normal,Warning
2025-12-10 15:10:24,7.45,1918.0,10.56,55.33,27.04,1186.0,23.57,11.92,Too High,High,Ideal,Normal,Critical
2025-12-10 15:10:29,7.27,1725.0,7.38,61.9,24.73,1918.0,25.23,11.82,High,High,Ideal,Normal,Warning
2025-12-10 15:10:39,7.27,921.0,9.37,62.74,26.61,2866.0,25.3,12.26,High,Low,Ideal,Too Bright,Warning
2025-12-10 15:10:49,6.89,1815.0,9.28,59.06,26.54,1716.0,22.66,12.16,High,High,Ideal,Normal,Warning
2025-12-10 15:10:59,7.19,1613.0,10.78,52.04,21.19,1805.0,23.17,12.61,High,Normal,Ideal,Normal,Warning
2025-12-10 15:11:09,6.4,1679.0,7.29,55.32,27.81,2152.0,22.62,10.9,Normal,Normal,Ideal,Normal,Optimal
2025-12-10 15:11:14,7.27,1803.0,10.34,45.62,26.66,2359.0,23.5,10.15,High,High,Ideal,Normal,Warning
2025-12-10 15:11:24,7.42,1071.0,7.46,49.41,22.72,1966.0,22.03,10.35,Too High,Low,Ideal,Normal,Critical
2025-12-10 15:11:34,6.29,1427.0,7.69,42.2,26.32,1076.0,24.62,10.8,Normal,Normal,Ideal,Normal,Optimal
2025-12-10 15:11:44,5.55,868.0,7.57,60.75,20.02,1355.0,23.33,10.45,Low,Low,Ideal,Normal,Warning
2025-12-10 15:11:54,6.6,972.0,7.69,50.26,25.83,1612.0,24.34,12.84,Normal,Low,Ideal,Normal,Warning
2025-12-10 15:11:59,7.23,946.0,8.32,67.23,26.56,2373.0,24.0,13.55,High,Low,Ideal,Normal,Warning
2025-12-10 15:12:09,6.34,949.0,10.44,49.09,20.53,2072.0,24.51,10.37,Normal,Low,Ideal,Normal,Warning
2025-12-10 15:12:19,6.05,1049.0,7.29,51.92,23.63,795.0,25.12,14.15,Normal,Low,Ideal,Normal,Warning
2025-12-10 15:12:24,5.6,1471.0,10.83,45.18,25.6,1105.0,25.31,10.47,Low,Normal,Ideal,Normal,Warning
2025-12-10 15:12:34,5.86,1508.0,9.65,61.33,22.97,2720.0,22.42,10.62,Low,Normal,Ideal,Too Bright,Warning
2025-12-10 15:12:39,6.97,1858.0,9.57,62.69,26.76,2418.0,23.66,12.95,High,High,Ideal,Normal,Warning
2025-12-10 15:12:44,6.53,1277.0,10.47,57.56,20.64,1001.0,25.11,10.38,Normal,Normal,Ideal,Normal,Optimal
2025-12-10 15:12:54,6.61,1726.0,8.55,57.62,26.16,1830.0,22.11,13.36,Normal,High,Ideal,Normal,Warning
2025-12-10 15:12:59,7.24,1203.0,7.18,64.98,23.09,2045.0,25.46,12.39,High,Normal,Ideal,Normal,Warning
2025-12-10 15:13:09,6.63,1385.0,8.37,46.99,25.25,771.0,23.57,13.42,Normal,Normal,Ideal,Normal,Optimal
2025-12-10 15:13:19,6.39,1068.0,9.06,50.15,23.28,2690.0,22.63,11.89,Normal,Normal,Ideal,Too Bright,Warning
2025-12-10 15:13:24,5.71,1826.0,9.82,63.14,24.74,2724.0,24.93,13.23,Low,High,Ideal,Too Bright,Warning
2025-12-10 15:13:29,6.1,1231.0,10.31,58.99,20.07,2263.0,22.76,13.61,Normal,Normal,Ideal,Normal,Optimal
2025-12-10 15:13:39,6.45,1917.0,11.14,62.26,22.76,2680.0,22.33,10.04,Normal,High,Ideal,Too Bright,Warning
2025-12-10 15:13:49,6.37,1672.0,9.22,56.05,20.09,1037.0,25.09,13.6,Normal,Normal,Ideal,Normal,Optimal
2025-12-10 15:13:54,5.79,1627.0,7.07,59.62,24.11,2713.0,25.31,11.66,Low,Normal,Ideal,Too Bright,Warning
2025-12-10 15:13:59,7.24,1523.0,7.63,41.39,22.75,580.0,22.14,13.71,High,Normal,Ideal,Normal,Warning
2025-12-10 15:14:09,7.11,855.0,9.78,61.47,20.61,2421.0,22.66,14.05,High,Low,Ideal,Normal,Warning
2025-12-10 15:14:19,5.95,1935.0,11.58,53.35,22.27,1100.0,24.7,13.1,Normal,High,Ideal,Normal,Warning
2025-12-10 15:14:24,6.49,1833.0,8.16,55.58,26.76,2396.0,22.52,13.26,Normal,High,Ideal,Normal,Warning
2025-12-10 15:14:34,7.1,830.0,9.69,61.69,22.06,887.0,25.21,10.62,High,Low,Ideal,Normal,Warning
2025-12-10 15:14:44,7.45,1036.0,9.35,54.84,20.07,2851.0,23.16,14.32,Too High,Low,Ideal,Too Bright,Critical
2025-12-10 15:14:54,6.0,1739.0,9.72,60.4,23.84,2901.0,23.79,11.93,Normal,High,Ideal,Too Bright,Warning
2025-12-10 15:15:04,5.61,1173.0,11.79,44.2,21.07,1387.0,22.37,10.64,Low,Normal,Ideal,Normal,Warning
2025-12-10 15:15:09,5.93,1471.0,7.38,64.9,21.92,1705.0,24.54,11.3,Low,Normal,Ideal,Normal,Warning
2025-12-10 15:15:19,7.27,1792.0,10.59,67.26,23.67,938.0,24.6,11.37,High,High,Ideal,Normal,Warning
2025-12-10 15:15:29,5.94,1654.0,10.87,51.55,25.72,2797.0,23.07,11.36,Low,Normal,Ideal,Too Bright,Warning
2025-12-10 15:15:35,5.82,1428.0,9.14,52.48,24.59,2250.0,24.31,10.12,Low,Normal,Ideal,Normal,Warning
2025-12-10 15:15:44,7.06,1142.0,7.89,59.48,24.28,1826.0,22.26,14.26,High,Normal,Ideal,Normal,Warning
2025-12-10 15:15:54,6.62,1408.0,8.11,42.64,20.66,2387.0,25.19,13.34,Normal,Normal,Ideal,Normal,Optimal
2025-12-10 15:15:59,5.88,1232.0,9.27,57.62,25.96,1646.0,25.28,10.49,Low,Normal,Ideal,Normal,Warning
2025-12-10 15:16:09,7.33,1372.0,8.01,68.43,22.38,1119.0,25.05,10.04,Too High,Normal,Ideal,Normal,Critical
2025-12-10 15:16:19,6.79,1112.0,10.86,50.44,21.07,1497.0,22.01,10.01,Normal,Normal,Ideal,Normal,Optimal
2025-12-10 15:16:24,5.61,1041.0,7.65,54.52,24.39,2944.0,24.09,11.1,Low,Low,Ideal,Too Bright,Warning
2025-12-10 15:16:34,5.86,1180.0,10.88,49.45,24.2,2882.0,24.78,14.1,Low,Normal,Ideal,Too Bright,Warning
2025-12-10 15:16:39,5.51,1148.0,8.47,60.27,26.79,1754.0,24.09,11.73,Low,Normal,Ideal,Normal,Warning
2025-12-10 15:16:49,6.49,1290.0,7.64,55.11,23.16,1846.0,22.51,12.58,Normal,Normal,Ideal,Normal,Optimal
2025-12-10 15:16:54,7.48,1549.0,9.2,52.99,21.87,1899.0,23.06,11.46,Too High,Normal,Ideal,Normal,Critical
2025-12-10 15:16:59,7.48,803.0,7.1,58.56,21.03,2451.0,22.01,10.2,Too High,Low,Ideal,Normal,Critical
2025-12-10 15:17:09,7.23,1475.0,8.96,61.14,27.24,2394.0,23.3,13.5,High,Normal,Ideal,Normal,Warning
2025-12-10 15:17:14,7.5,1419.0,9.46,41.83,20.98,2788.0,23.53,14.92,Too High,Normal,Ideal,Too Bright,Critical
2025-12-10 15:17:19,6.29,1424.0,9.17,63.02,23.15,2947.0,22.74,12.76,Normal,Normal,Ideal,Too Bright,Warning
2025-12-10 15:17:29,7.05,838.0,9.83,53.64,21.13,2786.0,24.38,13.93,High,Low,Ideal,Too Bright,Warning
2025-12-10 15:17:34,6.78,1983.0,8.6,61.92,20.72,1039.0,25.28,10.73,Normal,High,Ideal,Normal,Warning
2025-12-10 15:17:44,5.79,1919.0,11.45,56.81,22.86,1992.0,25.07,10.2,Low,High,Ideal,Normal,Warning
2025-12-10 15:17:54,5.74,1001.0,10.44,69.61,26.39,1611.0,25.65,10.19,Low,Low,Ideal,Normal,Warning
2025-12-10 15:17:59,6.42,1177.0,10.47,65.38,23.27,670.0,24.9,12.69,Normal,Normal,Ideal,Normal,Optimal
2025-12-10 15:18:09,5.67,1812.0,9.47,47.2,24.64,2163.0,25.76,12.11,Low,High,Ideal,Normal,Warning
2025-12-10 15:18:14,6.83,1269.0,9.45,55.42,26.7,800.0,22.93,13.1,Normal,Normal,Ideal,Normal,Optimal
2025-12-10 15:18:19,5.64,2000.0,9.43,50.79,24.86,1363.0,22.34,10.79,Low,High,Ideal,Normal,Warning
2025-12-10 15:18:29,6.77,837.0,8.18,64.48,22.93,1968.0,22.02,13.52,Normal,Low,Ideal,Normal,Warning
2025-12-10 15:18:39,5.85,1552.0,8.32,58.82,27.38,1210.0,23.53,10.01,Low,Normal,Ideal,Normal,Warning
2025-12-10 15:18:44,6.32,1270.0,7.62,61.47,21.87,2754.0,25.54,10.09,Normal,Normal,Ideal,Too Bright,Warning
2025-12-10 15:18:54,6.22,1067.0,7.23,56.1,23.75,750.0,24.19,12.45,Normal,Low,Ideal,Normal,Warning
2025-12-10 15:18:59,5.94,1809.0,11.94,53.19,27.62,2263.0,24.54,12.18,Low,High,Ideal,Normal,Warning
2025-12-10 15:19:04,6.31,1885.0,11.81,41.72,22.83,1410.0,22.85,12.77,Normal,High,Ideal,Normal,Warning
2025-12-10 15:19:09,6.75,1923.0,10.04,49.6,21.99,1212.0,22.96,12.74,Normal,High,Ideal,Normal,Warning
2025-12-10 15:19:14,6.07,1999.0,8.6,41.85,20.31,2426.0,25.27,10.41,Normal,High,Ideal,Normal,Warning
2025-12-10 15:19:24,6.79,1492.0,9.27,69.91,21.49,2394.0,25.26,10.39,Normal,Normal,Ideal,Normal,Optimal
2025-12-10 15:19:34,5.6,1061.0,9.74,55.49,24.94,1293.0,23.71,13.56,Low,Low,Ideal,Normal,Warning
2025-12-10 15:19:39,5.6,1530.0,11.77,65.04,25.52,2530.0,24.49,12.11,Low,Normal,Ideal,Too Bright,Warning
2025-12-10 15:19:44,6.62,1381.0,11.49,43.67,20.09,1593.0,24.48,13.82,Normal,Normal,Ideal,Normal,Optimal
2025-12-10 15:19:54,7.2,1604.0,9.25,54.81,24.02,2958.0,25.03,13.25,High,Normal,Ideal,Too Bright,Warning
2025-12-10 15:20:04,7.1,1939.0,8.25,63.63,26.9,1224.0,23.39,13.13,High,High,Ideal,Normal,Warning
2025-12-10 15:20:14,6.76,1587.0,8.47,50.25,21.4,714.0,23.12,11.49,Normal,Normal,Ideal,Normal,Optimal
2025-12-10 15:20:19,7.02,1051.0,7.29,60.65,25.93,2391.0,24.8,14.38,High,Low,Ideal,Normal,Warning
2025-12-10 15:20:29,7.0,1740.0,8.58,63.37,25.01,1529.0,22.13,11.15,High,High,Ideal,Normal,Warning
2025-12-10 15:20:39,6.29,1993.0,8.88,48.43,20.67,1386.0,23.43,11.22,Normal,High,Ideal,Normal,Warning
2025-12-10 15:20:44,6.91,1570.0,11.51,45.52,25.61,1229.0,23.61,12.92,High,Normal,Ideal,Normal,Warning
2025-12-10 15:20:49,6.17,892.0,10.98,48.95,21.37,2517.0,22.21,14.74,Normal,Low,Ideal,Too Bright,Warning
2025-12-10 15:20:59,6.55,1139.0,8.28,43.69,27.99,1503.0,23.51,14.07,Normal,Normal,Ideal,Normal,Optimal
2025-12-10 15:21:04,6.34,1651.0,9.74,62.98,21.31,2708.0,22.55,14.52,Normal,Normal,Ideal,Too Bright,Warning
2025-12-10 15:21:09,7.16,1049.0,8.08,67.99,22.96,803.0,23.65,14.95,High,Low,Ideal,Normal,Warning
2025-12-10 15:21:14,7.48,1776.0,11.95,69.2,25.59,2224.0,25.0,10.63,Too High,High,Ideal,Normal,Critical
2025-12-10 15:21:24,7.31,1751.0,11.87,69.65,23.17,1810.0,24.72,11.3,Too High,High,Ideal,Normal,Critical
2025-12-10 15:21:29,7.21,1289.0,11.95,56.13,23.69,2027.0,25.42,14.34,High,Normal,Ideal,Normal,Warning
2025-12-10 15:21:39,6.39,1347.0,8.7,63.66,21.65,1976.0,25.89,13.83,Normal,Normal,Ideal,Normal,Optimal
2025-12-10 15:21:49,5.7,1028.0,9.51,65.95,20.64,1707.0,24.33,12.76,Low,Low,Ideal,Normal,Warning
2025-12-10 15:21:59,6.89,1803.0,7.19,41.08,24.51,880.0,25.61,11.24,High,High,Ideal,Normal,Warning
2025-12-10 15:22:04,6.63,1641.0,8.58,42.06,23.69,1696.0,25.57,10.56,Normal,Normal,Ideal,Normal,Optimal
2025-12-10 15:22:09,5.96,1018.0,11.3,43.74,24.4,1453.0,25.13,14.75,Normal,Low,Ideal,Normal,Warning
2025-12-10 15:22:19,6.86,1670.0,10.61,49.64,22.42,1101.0,22.52,14.89,High,Normal,Ideal,Normal,Warning
2025-12-10 15:22:29,7.48,1982.0,11.9,56.34,27.5,943.0,25.49,12.44,Too High,High,Ideal,Normal,Critical
2025-12-10 15:22:39,7.42,1802.0,10.89,64.2,23.6,2009.0,24.59,10.19,Too High,High,Ideal,Normal,Critical
2025-12-10 15:22:49,6.68,1723.0,9.75,49.94,27.88,2214.0,24.15,11.21,Normal,High,Ideal,Normal,Warning
2025-12-10 15:22:54,5.84,1698.0,7.01,67.14,22.14,2921.0,23.37,13.91,Low,High,Ideal,Too Bright,Warning
2025-12-10 15:23:04,6.83,1423.0,7.83,42.4,27.0,661.0,23.39,11.74,Normal,Normal,Ideal,Normal,Optimal
2025-12-10 15:23:14,7.2,1029.0,10.57,50.45,26.57,1039.0,25.12,14.85,High,Low,Ideal,Normal,Warning
2025-12-10 15:23:24,5.6,1088.0,10.27,55.9,28.0,828.0,23.91,13.35,Low,Normal,Ideal,Normal,Warning
2025-12-10 15:23:29,5.93,1934.0,11.99,56.3,20.51,719.0,24.01,12.19,Low,High,Ideal,Normal,Warning
2025-12-10 15:23:34,6.73,1845.0,10.73,68.23,25.32,704.0,24.19,11.96,Normal,High,Ideal,Normal,Warning
2025-12-10 15:23:44,5.71,1774.0,9.21,59.19,22.68,2856.0,22.39,13.86,Low,High,Ideal,Too Bright,Warning
2025-12-10 15:23:54,6.84,1279.0,10.64,64.97,27.14,2052.0,25.42,11.28,Normal,Normal,Ideal,Normal,Optimal
2025-12-10 15:24:04,5.99,1109.0,7.78,42.94,24.02,2659.0,22.22,14.61,Normal,Normal,Ideal,Too Bright,Warning
2025-12-10 15:24:09,7.37,1886.0,7.88,61.33,20.85,695.0,24.23,10.29,Too High,High,Ideal,Normal,Critical
2025-12-10 15:24:19,5.87,1441.0,11.48,46.03,20.52,1927.0,25.96,12.87,Low,Normal,Ideal,Normal,Warning
2025-12-10 15:24:24,6.76,1107.0,11.34,56.46,27.37,2601.0,22.67,13.73,Normal,Normal,Ideal,Too Bright,Warning
2025-12-10 15:24:29,7.22,1442.0,11.57,59.76,20.23,2462.0,22.25,11.37,High,Normal,Ideal,Normal,Warning
2025-12-10 15:24:39,7.47,1217.0,7.76,42.67,27.9,1875.0,22.91,13.68,Too High,Normal,Ideal,Normal,Critical
2025-12-10 15:24:44,5.64,1199.0,8.32,65.42,23.56,1658.0,24.35,13.34,Low,Normal,Ideal,Normal,Warning
2025-12-10 15:24:54,7.35,944.0,10.84,45.31,22.29,2561.0,25.77,14.28,Too High,Low,Ideal,Too Bright,Critical
2025-12-10 15:24:59,7.45,1924.0,7.93,52.55,27.79,2351.0,22.33,10.19,Too High,High,Ideal,Normal,Critical
2025-12-10 15:25:04,6.0,1250.0,9.34,52.42,22.99,1474.0,24.56,14.44,Normal,Normal,Ideal,Normal,Optimal
2025-12-10 15:25:14,7.33,1455.0,7.04,43.59,22.68,1654.0,25.88,13.37,Too High,Normal,Ideal,Normal,Critical
2025-12-10 15:25:24,7.47,1617.0,11.21,49.96,22.04,540.0,25.73,14.9,Too High,Normal,Ideal,Normal,Critical
2025-12-10 15:25:29,5.94,924.0,9.23,61.54,27.3,1010.0,24.95,14.05,Low,Low,Ideal,Normal,Warning
2025-12-10 15:25:34,7.03,1263.0,9.04,45.46,22.98,1264.0,23.7,12.7,High,Normal,Ideal,Normal,Warning
2025-12-10 15:25:39,6.27,1508.0,11.63,68.5,21.88,727.0,22.09,10.73,Normal,Normal,Ideal,Normal,Optimal
2025-12-10 15:25:49,6.77,1180.0,10.84,40.84,23.26,2770.0,24.99,11.23,Normal,Normal,Ideal,Too Bright,Warning
2025-12-10 15:25:59,6.4,1048.0,9.63,54.2,26.69,2934.0,22.21,12.93,Normal,Low,Ideal,Too Bright,Warning
2025-12-10 15:26:09,7.29,1302.0,9.69,51.57,25.57,2928.0,25.77,11.26,Too High,Normal,Ideal,Too Bright,Critical
2025-12-10 15:26:19,6.09,1426.0,8.45,68.12,20.16,1628.0,23.09,11.88,Normal,Normal,Ideal,Normal,Optimal
2025-12-10 15:26:24,7.04,1643.0,9.82,59.98,22.81,2472.0,23.59,11.77,High,Normal,Ideal,Normal,Warning
2025-12-10 15:26:34,5.65,1647.0,11.19,62.42,21.43,1458.0,24.04,12.96,Low,Normal,Ideal,Normal,Warning
2025-12-10 15:26:44,6.09,1952.0,9.63,45.06,27.83,2137.0,22.86,13.79,Normal,High,Ideal,Normal,Warning
2025-12-10 15:26:49,5.54,1722.0,10.7,60.85,25.55,1865.0,24.65,11.76,Low,High,Ideal,Normal,Warning
2025-12-10 15:26:54,7.34,1350.0,8.43,67.6,25.35,2788.0,22.91,10.36,Too High,Normal,Ideal,Too Bright,Critical
2025-12-10 15:27:04,6.05,1898.0,10.78,61.15,26.15,2155.0,24.29,10.27,Normal,High,Ideal,Normal,Warning
2025-12-10 15:27:09,6.9,1309.0,8.03,48.8,20.59,749.0,25.56,14.89,High,Normal,Ideal,Normal,Warning
2025-12-10 15:27:14,5.91,1900.0,10.79,40.18,20.7,2646.0,25.24,11.18,Low,High,Ideal,Too Bright,Warning
2025-12-10 15:27:24,6.29,1265.0,9.88,51.97,23.27,2934.0,22.17,14.2,Normal,Normal,Ideal,Too Bright,Warning
2025-12-10 15:27:29,7.19,1754.0,7.71,44.01,22.81,1440.0,23.14,11.96,High,High,Ideal,Normal,Warning
2025-12-10 15:27:39,7.33,1563.0,9.23,59.74,24.27,676.0,24.75,13.15,Too High,Normal,Ideal,Normal,Critical
2025-12-10 15:27:49,6.07,1716.0,11.74,43.6,23.13,2590.0,23.29,10.88,Normal,High,Ideal,Too Bright,Warning
2025-12-10 15:27:59,5.76,1347.0,10.43,52.9,24.71,1984.0,24.47,13.63,Low,Normal,Ideal,Normal,Warning
2025-12-10 15:28:09,6.57,1825.0,8.67,41.16,26.81,615.0,23.47,14.17,Normal,High,Ideal,Normal,Warning
2025-12-10 15:28:19,6.35,1855.0,11.14,67.63,23.45,2215.0,23.79,13.35,Normal,High,Ideal,Normal,Warning
2025-12-10 15:28:24,5.57,960.0,9.32,41.89,20.29,1187.0,25.61,10.52,Low,Low,Ideal,Normal,Warning
2025-12-10 15:28:29,6.05,939.0,9.37,66.9,21.71,1293.0,24.61,14.32,Normal,Low,Ideal,Normal,Warning
2025-12-10 15:28:34,6.97,877.0,11.6,58.13,21.36,1414.0,23.51,11.25,High,Low,Ideal,Normal,Warning
2025-12-10 15:28:44,7.27,1109.0,9.05,68.33,22.71,1467.0,22.39,12.01,High,Normal,Ideal,Normal,Warning
2025-12-10 15:28:49,7.09,1356.0,9.63,59.18,24.93,2336.0,24.78,12.97,High,Normal,Ideal,Normal,Warning
2025-12-10 15:28:54,5.57,1475.0,11.23,62.85,26.33,859.0,24.91,14.32,Low,Normal,Ideal,Normal,Warning
2025-12-10 15:28:59,5.9,1606.0,9.94,48.84,21.88,2726.0,23.8,14.23,Low,Normal,Ideal,Too Bright,Warning
2025-12-10 15:29:04,7.08,961.0,11.95,69.71,25.6,1083.0,25.51,14.17,High,Low,Ideal,Normal,Warning
2025-12-10 15:29:09,7.48,1306.0,8.25,40.14,25.63,1801.0,24.36,11.01,Too High,Normal,Ideal,Normal,Critical
2025-12-10 15:29:19,6.06,1005.0,9.2,48.63,24.05,2637.0,22.9,14.97,Normal,Low,Ideal,Too Bright,Warning
2025-12-10 15:29:29,6.2,1677.0,8.4,56.1,24.51,613.0,23.92,14.41,Normal,Normal,Ideal,Normal,Optimal
2025-12-10 15:29:39,5.6,1458.0,8.56,46.84,23.34,617.0,22.78,12.33,Low,Normal,Ideal,Normal,Warning
2025-12-10 15:29:44,6.09,1737.0,10.7,45.44,22.6,2891.0,23.54,11.59,Normal,High,Ideal,Too Bright,Warning
2025-12-10 15:29:49,6.97,1939.0,8.67,47.68,27.31,1513.0,24.55,14.05,High,High,Ideal,Normal,Warning
2025-12-10 15:29:59,7.33,1267.0,9.07,52.53,23.45,1670.0,25.85,12.82,Too High,Normal,Ideal,Normal,Critical
2025-12-10 15:30:09,7.09,1676.0,7.91,57.76,21.58,2472.0,25.92,10.75,High,Normal,Ideal,Normal,Warning
2025-12-10 15:30:19,6.43,1730.0,10.37,61.1,27.71,1708.0,23.16,11.42,Normal,High,Ideal,Normal,Warning
2025-12-10 15:30:29,6.08,1670.0,9.01,63.41,24.25,2003.0,22.74,11.33,Normal,Normal,Ideal,Normal,Optimal
2025-12-10 15:30:39,7.45,1396.0,9.37,45.02,20.06,2182.0,24.8,13.73,Too High,Normal,Ideal,Normal,Critical
2025-12-10 15:31:12,6.54,1951.0,7.16,67.16,26.36,933.0,22.2,12.72,Normal,High,Ideal,Normal,Warning
2025-12-10 15:31:21,7.64,1407.0,11.79,43.02,20.16,2510.0,24.48,12.14,Too High,Normal,Ideal,Too Bright,Critical
2025-12-10 15:31:31,5.46,1026.0,8.53,58.0,25.0,1455.0,24.38,14.63,Low,Low,Ideal,Normal,Warning
2025-12-10 15:31:41,4.76,1725.0,9.76,52.38,24.1,1531.0,22.8,10.37,Too Low,High,Ideal,Normal,Critical
2025-12-10 15:31:46,6.17,1536.0,8.2,58.99,24.6,2073.0,22.38,11.71,Normal,Normal,Ideal,Normal,Optimal
2025-12-10 15:31:51,5.54,1546.0,7.41,47.92,26.4,1439.0,23.31,11.58,Low,Normal,Ideal,Normal,Warning
2025-12-10 15:32:01,6.13,536.0,8.97,65.07,25.31,1188.0,25.35,14.71,Normal,Too Low,Ideal,Normal,Critical
2025-12-10 15:32:06,6.53,690.0,9.23,51.8,24.78,2855.0,24.37,13.93,Normal,Low,Ideal,Too Bright,Warning
2025-12-10 15:32:16,9.0,656.0,8.11,67.3,26.6,2088.0,22.3,13.56,Too High,Low,Ideal,Normal,Critical
2025-12-10 15:32:26,4.57,1017.0,7.98,43.3,26.98,1702.0,23.76,10.63,Too Low,Low,Ideal,Normal,Critical
2025-12-10 15:32:36,4.8,1782.0,7.35,65.92,24.52,2691.0,25.22,10.6,Too Low,High,Ideal,Too Bright,Critical
2025-12-10 15:32:46,3.96,680.0,9.68,43.87,23.45,996.0,23.19,11.13,Too Low,Low,Ideal,Normal,Critical
2025-12-10 15:32:56,7.39,1861.0,11.43,62.96,23.92,1031.0,22.25,10.73,Too High,High,Ideal,Normal,Critical
2025-12-10 15:33:01,8.61,1589.0,8.36,50.27,22.68,2072.0,23.12,14.64,Too High,Normal,Ideal,Normal,Critical
2025-12-10 15:33:11,4.07,1838.0,10.75,49.62,21.92,2612.0,24.5,12.65,Too Low,High,Ideal,Too Bright,Critical
2025-12-10 15:33:21,7.58,815.0,9.23,48.47,23.93,2762.0,22.04,11.06,Too High,Low,Ideal,Too Bright,Critical
2025-12-10 15:33:26,4.46,1043.0,11.54,63.76,20.27,989.0,23.53,13.24,Too Low,Low,Ideal,Normal,Critical
2025-12-10 15:33:36,6.82,903.0,8.13,56.75,25.32,778.0,26.0,10.26,Normal,Low,Ideal,Normal,Warning
2025-12-10 15:33:41,6.73,2036.0,11.9,48.04,24.87,2834.0,22.48,10.21,Normal,High,Ideal,Too Bright,Warning
2025-12-10 15:33:51,5.47,1109.0,7.94,41.39,22.34,1182.0,23.24,10.28,Low,Normal,Ideal,Normal,Warning
2025-12-10 15:34:01,8.89,1952.0,9.17,40.88,21.77,2583.0,25.41,10.95,Too High,High,Ideal,Too Bright,Critical
2025-12-10 15:34:11,6.08,1488.0,11.54,61.84,26.08,1618.0,22.86,12.95,Normal,Normal,Ideal,Normal,Optimal
2025-12-10 15:34:16,6.22,1651.0,7.83,44.98,26.14,905.0,23.59,12.18,Normal,Normal,Ideal,Normal,Optimal
2025-12-10 15:34:26,8.85,522.0,10.81,55.71,27.27,1385.0,22.19,11.76,Too High,Too Low,Ideal,Normal,Critical
2025-12-10 15:34:36,8.18,1674.0,9.86,40.74,21.44,2470.0,23.22,10.14,Too High,Normal,Ideal,Normal,Critical
2025-12-10 15:34:41,6.1,1479.0,10.96,68.16,22.05,2813.0,23.12,13.59,Normal,Normal,Ideal,Too Bright,Warning
2025-12-10 15:34:51,8.49,575.0,7.76,67.65,21.12,2176.0,22.54,11.77,Too High,Low,Ideal,Normal,Critical
2025-12-10 15:35:01,8.45,565.0,9.59,65.25,27.13,798.0,25.43,11.4,Too High,Too Low,Ideal,Normal,Critical
2025-12-10 15:35:06,5.73,1303.0,8.5,51.87,23.42,2695.0,25.7,12.84,Low,Normal,Ideal,Too Bright,Warning
2025-12-10 15:35:16,8.29,775.0,8.76,53.31,23.05,2570.0,25.75,12.72,Too High,Low,Ideal,Too Bright,Critical
2025-12-10 15:35:26,6.2,578.0,8.25,57.92,26.67,1305.0,22.16,12.02,Normal,Low,Ideal,Normal,Warning
2025-12-10 15:35:36,5.17,699.0,7.92,53.3,26.48,1737.0,24.32,13.95,Too Low,Low,Ideal,Normal,Critical
2025-12-10 15:35:41,5.54,1315.0,11.59,45.13,27.8,2173.0,25.07,14.84,Low,Normal,Ideal,Normal,Warning
2025-12-10 15:35:54,5.92,2059.0,7.06,68.55,20.55,1074.0,22.34,11.65,Low,High,Ideal,Normal,Warning
2025-12-10 15:36:01,5.9,1658.0,8.94,40.52,26.61,1993.0,23.68,13.48,Low,Normal,Ideal,Normal,Warning
2025-12-10 15:36:11,3.96,983.0,10.37,67.0,24.38,2228.0,22.09,13.34,Too Low,Low,Ideal,Normal,Critical
2025-12-10 15:36:16,7.15,1250.0,9.03,52.84,25.79,2679.0,23.82,10.75,High,Normal,Ideal,Too Bright,Warning
2025-12-10 15:36:26,6.67,664.0,9.3,63.89,22.16,1909.0,24.99,11.15,Normal,Low,Ideal,Normal,Warning
2025-12-10 15:36:31,6.26,1948.0,11.18,63.24,21.17,775.0,25.42,10.14,Normal,High,Ideal,Normal,Warning
2025-12-10 15:36:36,5.72,1512.0,8.57,42.18,21.69,2554.0,24.71,10.56,Low,Normal,Ideal,Too Bright,Warning
2025-12-10 15:36:46,6.47,1006.0,11.63,68.68,26.94,2540.0,22.96,10.62,Normal,Low,Ideal,Too Bright,Warning
2025-12-10 15:36:51,5.54,2032.0,9.58,42.08,20.04,2658.0,24.19,14.99,Low,High,Ideal,Too Bright,Warning
2025-12-10 15:37:01,5.95,1940.0,10.44,44.26,20.5,2797.0,25.98,11.08,Normal,High,Ideal,Too Bright,Warning
2025-12-10 15:37:06,8.33,860.0,8.81,56.18,21.77,1493.0,25.22,12.55,Too High,Low,Ideal,Normal,Critical
2025-12-10 15:37:16,6.67,888.0,8.03,53.91,21.4,609.0,25.73,10.8,Normal,Low,Ideal,Normal,Warning
2025-12-10 15:37:26,8.13,695.0,9.31,52.55,25.69,2313.0,23.96,10.56,Too High,Low,Ideal,Normal,Critical
2025-12-10 15:37:36,8.42,697.0,7.44,44.59,23.28,1731.0,25.19,11.97,Too High,Low,Ideal,Normal,Critical
2025-12-10 15:37:41,6.97,640.0,9.23,51.87,24.64,1788.0,24.65,10.84,High,Low,Ideal,Normal,Warning
2025-12-10 15:37:51,6.84,1610.0,7.93,65.33,20.9,600.0,23.69,12.35,Normal,Normal,Ideal,Normal,Optimal
2025-12-10 15:38:01,7.99,645.0,11.84,58.38,27.26,1878.0,24.06,13.75,Too High,Low,Ideal,Normal,Critical
2025-12-10 15:38:06,8.89,687.0,10.35,65.4,27.56,1919.0,24.26,13.41,Too High,Low,Ideal,Normal,Critical
2025-12-10 15:38:11,8.49,1134.0,7.4,63.9,20.87,2362.0,23.21,11.0,Too High,Normal,Ideal,Normal,Critical
2025-12-10 15:38:21,8.27,1874.0,8.67,64.18,22.55,2030.0,22.68,10.82,Too High,High,Ideal,Normal,Critical
2025-12-10 15:38:31,8.37,1700.0,8.22,52.33,25.91,1286.0,23.94,13.37,Too High,High,Ideal,Normal,Critical
2025-12-10 15:38:36,5.81,1076.0,10.56,51.43,22.16,2834.0,25.98,10.36,Low,Normal,Ideal,Too Bright,Warning
2025-12-10 15:38:41,4.77,1407.0,10.45,58.98,26.07,1226.0,22.82,13.84,Too Low,Normal,Ideal,Normal,Critical
2025-12-10 15:38:51,6.56,1284.0,10.87,65.67,26.32,1281.0,24.12,11.43,Normal,Normal,Ideal,Normal,Optimal
2025-12-10 15:38:56,4.07,1992.0,11.19,60.82,23.83,2517.0,24.3,12.59,Too Low,High,Ideal,Too Bright,Critical
2025-12-10 15:39:06,6.13,837.0,8.94,63.35,22.23,1176.0,22.44,11.33,Normal,Low,Ideal,Normal,Warning
2025-12-10 15:39:16,8.96,1584.0,8.12,58.23,26.26,2735.0,24.0,12.76,Too High,Normal,Ideal,Too Bright,Critical
2025-12-10 15:39:26,6.13,1514.0,8.41,58.53,24.88,2581.0,24.85,10.28,Normal,Normal,Ideal,Too Bright,Warning
2025-12-10 15:39:31,4.77,1657.0,8.96,51.03,26.91,2260.0,24.16,10.46,Too Low,Normal,Ideal,Normal,Critical
2025-12-10 15:39:41,8.77,1059.0,9.11,65.84,25.12,859.0,22.09,11.51,Too High,Low,Ideal,Normal,Critical
2025-12-10 15:39:51,5.25,665.0,9.98,66.01,26.67,1890.0,23.84,13.12,Too Low,Low,Ideal,Normal,Critical
2025-12-10 15:40:01,7.9,648.0,7.08,50.73,23.06,1964.0,23.48,11.65,Too High,Low,Ideal,Normal,Critical
2025-12-10 15:40:06,7.19,711.0,8.1,64.96,21.65,2847.0,23.26,13.7,High,Low,Ideal,Too Bright,Warning
2025-12-10 15:40:16,8.53,820.0,8.7,65.47,26.4,1408.0,24.61,11.34,Too High,Low,Ideal,Normal,Critical
2025-12-10 15:40:26,3.84,1792.0,7.91,57.62,21.74,533.0,22.7,12.12,Too Low,High,Ideal,Normal,Critical
2025-12-10 15:40:31,3.87,1319.0,8.89,65.45,23.75,2079.0,22.29,11.76,Too Low,Normal,Ideal,Normal,Critical
2025-12-10 15:40:36,3.92,1093.0,10.79,64.45,22.34,2034.0,22.69,14.77,Too Low,Normal,Ideal,Normal,Critical
2025-12-10 15:40:41,5.03,847.0,11.06,51.28,23.46,2397.0,24.22,13.68,Too Low,Low,Ideal,Normal,Critical
2025-12-10 15:40:51,6.75,590.0,7.66,50.04,25.35,1174.0,22.65,12.19,Normal,Low,Ideal,Normal,Warning
2025-12-10 15:41:01,5.41,1074.0,11.03,52.75,21.05,2009.0,25.82,12.76,Too Low,Low,Ideal,Normal,Critical
2025-12-10 15:41:06,8.75,2070.0,8.31,48.68,23.55,1656.0,24.32,11.96,Too High,High,Ideal,Normal,Critical
2025-12-10 15:41:11,4.38,1229.0,11.65,68.7,20.29,694.0,24.98,11.76,Too Low,Normal,Ideal,Normal,Critical
2025-12-10 15:41:21,6.92,922.0,9.13,41.92,20.85,2282.0,24.67,11.98,High,Low,Ideal,Normal,Warning
2025-12-10 15:41:26,6.23,1720.0,10.24,53.66,22.46,2495.0,23.76,10.7,Normal,High,Ideal,Normal,Warning
2025-12-10 15:41:36,7.27,946.0,10.39,60.39,20.41,2868.0,22.3,10.31,High,Low,Ideal,Too Bright,Warning
2025-12-10 15:41:46,8.66,799.0,11.31,64.01,22.82,2633.0,22.8,10.28,Too High,Low,Ideal,Too Bright,Critical
2025-12-10 15:41:51,7.33,736.0,11.28,63.91,23.33,2544.0,25.06,10.89,Too High,Low,Ideal,Too Bright,Critical
2025-12-10 15:42:01,4.94,1907.0,8.29,53.91,27.65,1377.0,25.98,12.59,Too Low,High,Ideal,Normal,Critical
2025-12-10 15:42:11,8.14,1794.0,9.56,56.05,22.99,2514.0,24.59,13.2,Too High,High,Ideal,Too Bright,Critical
2025-12-10 15:42:21,4.65,629.0,9.41,66.37,23.68,2539.0,24.33,14.48,Too Low,Low,Ideal,Too Bright,Critical
2025-12-10 15:42:26,4.64,1702.0,8.61,64.5,24.41,2367.0,25.01,13.54,Too Low,High,Ideal,Normal,Critical
2025-12-10 15:42:31,5.08,1876.0,9.52,52.8,26.98,2951.0,24.8,14.93,Too Low,High,Ideal,Too Bright,Critical
2025-12-10 15:42:41,6.13,554.0,11.56,58.19,26.58,722.0,23.84,12.71,Normal,Too Low,Ideal,Normal,Critical
2025-12-10 15:42:51,4.9,599.0,9.74,46.25,21.47,1377.0,23.45,11.81,Too Low,Low,Ideal,Normal,Critical
2025-12-10 15:43:01,7.4,1241.0,10.29,52.33,20.15,549.0,22.24,11.67,Too High,Normal,Ideal,Normal,Critical
2025-12-10 15:43:06,7.82,724.0,9.09,69.82,20.71,2143.0,22.91,12.94,Too High,Low,Ideal,Normal,Critical
2025-12-10 15:43:16,7.25,1095.0,11.42,51.98,27.6,2881.0,24.34,14.77,High,Normal,Ideal,Too Bright,Warning
2025-12-10 15:43:26,7.75,793.0,11.14,54.49,20.38,627.0,25.13,11.37,Too High,Low,Ideal,Normal,Critical
2025-12-10 15:43:36,5.14,1966.0,7.19,43.93,25.93,1027.0,25.7,11.05,Too Low,High,Ideal,Normal,Critical
2025-12-10 15:43:41,8.66,1990.0,8.73,62.54,20.24,2262.0,25.38,11.4,Too High,High,Ideal,Normal,Critical
2025-12-10 15:43:46,6.93,1479.0,11.68,43.46,21.79,2909.0,25.55,12.88,High,Normal,Ideal,Too Bright,Warning
2025-12-10 15:43:51,6.34,1317.0,9.78,40.11,26.59,1026.0,22.38,10.57,Normal,Normal,Ideal,Normal,Optimal
2025-12-10 15:44:01,6.88,664.0,9.48,59.54,22.39,2082.0,23.47,10.7,High,Low,Ideal,Normal,Warning
2025-12-10 15:44:11,3.85,1258.0,10.7,57.94,20.39,730.0,23.2,10.92,Too Low,Normal,Ideal,Normal,Critical
2025-12-10 15:44:21,8.9,922.0,10.19,46.35,26.28,2703.0,23.42,14.02,Too High,Low,Ideal,Too Bright,Critical
2025-12-10 15:44:31,5.96,1235.0,7.14,48.32,23.48,2013.0,23.08,11.3,Normal,Normal,Ideal,Normal,Optimal
2025-12-10 15:44:41,7.46,1098.0,9.69,69.38,24.24,2199.0,24.3,13.18,Too High,Normal,Ideal,Normal,Critical
2025-12-10 15:44:46,4.85,1421.0,11.31,66.3,27.75,1852.0,23.27,10.57,Too Low,Normal,Ideal,Normal,Critical
2025-12-10 15:44:56,8.72,1386.0,8.7,53.46,25.07,529.0,24.12,14.21,Too High,Normal,Ideal,Normal,Critical
2025-12-10 15:45:01,7.26,890.0,11.68,58.07,23.91,1118.0,25.14,12.03,High,Low,Ideal,Normal,Warning
2025-12-10 15:45:06,6.51,1788.0,11.91,43.16,26.81,2630.0,25.3,11.19,Normal,High,Ideal,Too Bright,Warning
2025-12-10 15:45:16,3.99,650.0,7.83,49.36,26.5,2830.0,22.79,13.19,Too Low,Low,Ideal,Too Bright,Critical
2025-12-10 15:45:26,7.93,660.0,8.83,59.84,20.47,1318.0,22.16,12.38,Too High,Low,Ideal,Normal,Critical
2025-12-10 15:45:32,7.03,1610.0,11.02,49.28,24.52,2588.0,22.34,12.48,High,Normal,Ideal,Too Bright,Warning
2025-12-10 15:45:41,3.81,772.0,7.29,53.63,22.71,2704.0,22.04,11.88,Too Low,Low,Ideal,Too Bright,Critical
2025-12-10 15:45:51,7.7,1833.0,10.29,40.08,23.44,1436.0,24.44,13.23,Too High,High,Ideal,Normal,Critical
2025-12-10 15:45:58,3.92,1683.0,11.94,57.71,20.18,1938.0,23.87,13.59,Too Low,Normal,Ideal,Normal,Critical
2025-12-10 15:46:06,5.11,1691.0,9.55,58.91,21.89,565.0,25.17,14.54,Too Low,High,Ideal,Normal,Critical
2025-12-10 15:46:11,8.02,907.0,8.87,47.63,26.26,1279.0,24.4,12.12,Too High,Low,Ideal,Normal,Critical
2025-12-10 15:46:16,8.36,644.0,10.04,57.48,25.83,552.0,24.3,12.26,Too High,Low,Ideal,Normal,Critical
2025-12-10 15:46:26,6.55,1337.0,10.21,49.36,20.52,1815.0,22.62,10.05,Normal,Normal,Ideal,Normal,Optimal
2025-12-10 15:46:31,5.64,1060.0,8.04,69.94,21.76,915.0,23.99,12.57,Low,Low,Ideal,Normal,Warning
2025-12-10 15:46:36,5.1,1202.0,11.07,42.32,24.54,1811.0,23.78,11.64,Too Low,Normal,Ideal,Normal,Critical
2025-12-10 15:46:47,4.21,1992.0,10.24,63.73,27.64,721.0,22.59,10.84,Too Low,High,Ideal,Normal,Critical
2025-12-10 15:46:56,8.51,1121.0,9.51,52.22,21.81,1949.0,22.29,12.31,Too High,Normal,Ideal,Normal,Critical
2025-12-11 16:19:38,6.95,1133.0,9.29,61.27,27.77,2603.0,22.19,12.5,High,Normal,Ideal,Too Bright,Warning
2025-12-11 16:19:47,6.81,1197.0,7.36,59.13,20.95,1941.0,25.3,14.34,Normal,Normal,Ideal,Normal,Optimal
2025-12-11 16:19:55,7.02,841.0,10.18,66.41,20.13,1081.0,23.3,13.03,High,Low,Ideal,Normal,Warning
2025-12-11 16:20:05,6.8,1091.0,8.54,55.75,21.4,2853.0,23.46,11.18,Normal,Normal,Ideal,Too Bright,Warning
2025-12-11 16:20:10,6.53,885.0,7.69,66.65,20.92,1414.0,25.55,13.12,Normal,Low,Ideal,Normal,Warning
2025-12-11 16:20:20,7.35,1034.0,10.32,60.27,25.81,2519.0,22.24,14.75,Too High,Low,Ideal,Too Bright,Critical
2025-12-11 16:20:25,7.26,885.0,10.3,44.83,24.4,1952.0,22.37,10.23,High,Low,Ideal,Normal,Warning
2025-12-11 16:20:30,6.61,910.0,10.38,66.91,27.21,2244.0,25.86,14.68,Normal,Low,Ideal,Normal,Warning
2025-12-11 16:20:40,9.29,1159.0,11.02,52.54,24.78,1467.0,24.46,12.67,Too High,Normal,Ideal,Normal,Critical
2025-12-11 16:20:45,9.26,507.0,9.12,56.13,22.93,2020.0,23.75,12.04,Too High,Too Low,Ideal,Normal,Critical
2025-12-11 16:20:55,9.3,501.0,7.26,47.9,27.59,872.0,23.18,13.6,Too High,Too Low,Ideal,Normal,Critical
2025-12-11 16:21:00,9.22,503.0,7.27,68.0,20.25,1097.0,24.14,11.18,Too High,Too Low,Ideal,Normal,Critical
2025-12-11 16:21:05,9.26,504.0,8.4,49.01,27.35,969.0,23.36,14.22,Too High,Too Low,Ideal,Normal,Critical
2025-12-11 16:21:10,9.29,504.0,11.58,66.16,23.71,1617.0,23.56,12.4,Too High,Too Low,Ideal,Normal,Critical
2025-12-11 16:21:15,9.28,501.0,9.82,43.93,20.32,914.0,25.93,12.65,Too High,Too Low,Ideal,Normal,Critical
2025-12-11 16:21:25,9.2,499.0,11.89,59.38,27.52,1912.0,27.2,10.45,Too High,Too Low,Ideal,Normal,Critical
2025-12-11 16:21:35,9.22,505.0,11.63,77.25,27.73,2147.0,27.6,10.19,Too High,Too Low,Slightly Off,Normal,Critical
2025-12-11 16:21:40,9.26,504.0,1.9,70.63,27.25,2078.0,27.8,11.15,Too High,Too Low,Slightly Off,Normal,Critical
2025-12-11 16:21:50,9.19,504.0,1.04,74.69,27.52,1744.0,27.79,23.18,Too High,Too Low,Slightly Off,Normal,Critical
2025-12-11 16:21:55,9.28,502.0,0.73,73.23,28.0,846.0,27.03,23.9,Too High,Too Low,Slightly Off,Normal,Critical
2025-12-11 16:22:00,9.23,499.0,0.51,77.82,27.06,941.0,27.13,21.47,Too High,Too Low,Slightly Off,Normal,Critical
2025-12-11 16:22:10,9.28,509.0,0.11,77.82,27.73,3232.0,27.74,20.27,Too High,Too Low,Slightly Off,Too Bright,Critical
2025-12-11 16:22:15,9.29,508.0,1.52,72.48,27.06,3202.0,27.16,20.9,Too High,Too Low,Slightly Off,Too Bright,Critical
2025-12-11 16:22:20,9.26,509.0,0.82,76.35,27.02,3206.0,27.11,21.2,Too High,Too Low,Slightly Off,Too Bright,Critical
2025-12-11 16:22:30,9.26,506.0,0.6,76.51,27.07,3243.0,27.12,24.4,Too High,Too Low,Slightly Off,Too Bright,Critical
2025-12-11 16:22:35,9.27,499.0,1.58,77.36,27.35,2866.0,27.18,24.98,Too High,Too Low,Slightly Off,Too Bright,Critical
2025-12-11 16:22:45,9.19,504.0,1.35,78.67,27.41,2841.0,27.66,21.4,Too High,Too Low,Slightly Off,Too Bright,Critical
2025-12-11 16:22:55,9.28,498.0,1.47,76.09,27.78,2815.0,27.09,22.53,Too High,Too Low,Slightly Off,Too Bright,Critical
2025-12-11 16:23:00,9.21,507.0,1.66,75.56,27.07,2731.0,27.73,24.88,Too High,Too Low,Slightly Off,Too Bright,Critical
2025-12-11 16:23:05,9.22,507.0,0.86,73.86,27.01,2725.0,27.36,20.22,Too High,Too Low,Slightly Off,Too Bright,Critical
2025-12-11 16:23:15,9.23,507.0,1.18,79.77,27.96,2482.0,27.62,23.87,Too High,Too Low,Slightly Off,Normal,Critical
2025-12-11 16:23:20,9.26,505.0,0.32,77.46,27.09,2476.0,27.18,22.76,Too High,Too Low,Slightly Off,Normal,Critical
2025-12-11 16:23:30,9.22,501.0,1.31,67.27,27.96,2484.0,27.48,24.0,Too High,Too Low,Ideal,Normal,Critical
2025-12-11 16:23:40,9.29,509.0,1.5,69.49,27.49,2488.0,27.32,24.59,Too High,Too Low,Ideal,Normal,Critical
2025-12-11 16:23:50,9.2,509.0,0.91,66.92,27.65,2476.0,27.51,20.17,Too High,Too Low,Ideal,Normal,Critical
2025-12-11 16:24:00,6.29,507.0,0.57,68.57,27.98,2485.0,27.54,22.87,Normal,Too Low,Ideal,Normal,Critical
2025-12-11 16:24:05,6.02,509.0,0.27,61.35,27.72,2475.0,27.57,20.11,Normal,Too Low,Ideal,Normal,Critical
2025-12-11 16:24:10,5.75,505.0,0.26,69.69,27.58,2471.0,27.28,20.81,Low,Too Low,Ideal,Normal,Critical
2025-12-11 16:24:20,5.86,508.0,0.88,66.66,27.16,2481.0,27.02,22.3,Low,Too Low,Ideal,Normal,Critical
2025-12-11 16:24:25,6.38,508.0,0.57,66.92,27.54,2479.0,27.2,24.85,Normal,Too Low,Ideal,Normal,Critical
2025-12-11 16:24:35,5.85,502.0,1.24,64.68,27.52,2477.0,27.57,20.56,Low,Too Low,Ideal,Normal,Critical
2025-12-11 16:24:40,5.96,499.0,1.8,67.27,27.87,2474.0,27.18,24.53,Normal,Too Low,Ideal,Normal,Critical
2025-12-11 16:24:50,6.33,507.0,1.81,69.74,27.21,2478.0,27.95,24.05,Normal,Too Low,Ideal,Normal,Critical
2025-12-11 16:25:01,6.12,505.0,1.69,63.87,27.1,2482.0,27.9,23.37,Normal,Too Low,Ideal,Normal,Critical
2025-12-11 16:25:10,5.83,501.0,0.66,64.8,27.75,2475.0,27.46,22.5,Low,Too Low,Ideal,Normal,Critical
2025-12-11 16:25:20,5.56,503.0,0.45,60.33,27.8,2488.0,27.12,20.62,Low,Too Low,Ideal,Normal,Critical
2025-12-11 16:25:30,6.42,505.0,0.32,67.19,27.07,2485.0,27.99,21.1,Normal,Too Low,Ideal,Normal,Critical
2025-12-11 16:25:40,6.15,508.0,0.38,62.16,27.49,2488.0,27.83,24.57,Normal,Too Low,Ideal,Normal,Critical
2025-12-11 16:25:45,5.83,501.0,0.09,64.31,27.54,2475.0,27.69,23.56,Low,Too Low,Ideal,Normal,Critical
2025-12-11 16:25:55,6.47,509.0,1.7,63.2,27.88,2489.0,27.96,22.97,Normal,Too Low,Ideal,Normal,Critical
2025-12-11 16:26:05,6.43,508.0,0.22,68.52,27.91,2477.0,27.41,23.44,Normal,Too Low,Ideal,Normal,Critical
2025-12-11 16:26:10,6.29,507.0,0.54,60.23,27.3,2488.0,27.77,22.24,Normal,Too Low,Ideal,Normal,Critical
2025-12-11 16:26:15,5.58,503.0,1.23,66.54,27.49,2480.0,27.6,23.91,Low,Too Low,Ideal,Normal,Critical
2025-12-11 16:26:25,5.92,506.0,0.56,60.67,27.21,2479.0,27.58,24.55,Low,Too Low,Ideal,Normal,Critical
2025-12-11 16:26:31,5.92,506.0,1.26,67.36,27.62,2483.0,27.84,23.73,Low,Too Low,Ideal,Normal,Critical
2025-12-11 16:26:41,6.31,507.0,0.88,64.69,27.93,2482.0,27.35,22.1,Normal,Too Low,Ideal,Normal,Critical
2025-12-11 16:26:51,5.55,505.0,0.11,60.53,27.38,2485.0,27.77,20.12,Low,Too Low,Ideal,Normal,Critical
2025-12-11 16:27:01,6.21,502.0,1.26,67.33,27.67,2478.0,27.06,21.56,Normal,Too Low,Ideal,Normal,Critical
2025-12-11 16:27:11,6.02,502.0,1.36,68.77,27.69,2473.0,27.52,22.34,Normal,Too Low,Ideal,Normal,Critical
2025-12-11 16:27:16,6.29,502.0,1.2,61.64,27.27,2475.0,27.82,20.16,Normal,Too Low,Ideal,Normal,Critical
2025-12-11 16:27:26,6.15,500.0,1.8,66.97,27.14,2473.0,27.44,24.0,Normal,Too Low,Ideal,Normal,Critical
2025-12-11 16:27:36,5.61,501.0,1.8,65.47,27.37,2488.0,27.56,22.37,Low,Too Low,Ideal,Normal,Critical
2025-12-11 16:27:41,5.91,500.0,0.59,62.45,27.66,2483.0,27.98,24.35,Low,Too Low,Ideal,Normal,Critical
2025-12-11 16:27:51,5.5,502.0,1.92,69.94,27.16,2473.0,27.75,22.12,Low,Too Low,Ideal,Normal,Critical
2025-12-11 16:28:01,5.81,500.0,0.85,60.25,27.76,2486.0,27.26,22.79,Low,Too Low,Ideal,Normal,Critical
2025-12-11 16:28:11,5.66,499.0,1.83,63.2,27.99,2473.0,27.0,24.82,Low,Too Low,Ideal,Normal,Critical
2025-12-11 16:28:21,5.93,505.0,1.9,65.7,27.42,2483.0,27.29,20.29,Low,Too Low,Ideal,Normal,Critical
2025-12-11 16:28:31,6.38,499.0,0.12,60.26,27.38,2481.0,27.91,23.4,Normal,Too Low,Ideal,Normal,Critical
2025-12-11 16:28:36,5.63,499.0,1.18,65.72,27.28,2473.0,27.49,24.42,Low,Too Low,Ideal,Normal,Critical
2025-12-11 16:28:46,6.24,503.0,0.08,66.87,27.03,2480.0,27.68,20.63,Normal,Too Low,Ideal,Normal,Critical
2025-12-11 16:28:51,6.19,500.0,1.7,63.41,27.47,2484.0,27.44,24.82,Normal,Too Low,Ideal,Normal,Critical
2025-12-11 16:28:56,5.87,505.0,0.72,61.12,27.54,2481.0,27.04,22.94,Low,Too Low,Ideal,Normal,Critical
2025-12-11 16:29:06,5.76,508.0,0.63,65.4,27.3,2471.0,27.83,23.39,Low,Too Low,Ideal,Normal,Critical
2025-12-11 16:29:11,6.44,500.0,0.07,62.32,27.99,2482.0,27.41,21.37,Normal,Too Low,Ideal,Normal,Critical
2025-12-11 16:29:21,6.4,502.0,1.03,60.41,27.18,2482.0,27.95,21.51,Normal,Too Low,Ideal,Normal,Critical
2025-12-11 16:29:31,5.89,499.0,0.47,69.17,27.75,2479.0,27.97,23.37,Low,Too Low,Ideal,Normal,Critical
2025-12-11 16:29:36,6.5,498.0,1.36,65.24,27.01,2488.0,27.04,20.22,Normal,Too Low,Ideal,Normal,Critical
2025-12-11 16:29:41,6.14,504.0,0.16,69.39,27.59,2487.0,27.33,22.5,Normal,Too Low,Ideal,Normal,Critical
2025-12-11 16:29:51,5.8,505.0,0.56,66.35,27.3,2487.0,27.53,22.5,Low,Too Low,Ideal,Normal,Critical
2025-12-11 16:29:56,5.77,508.0,0.07,68.1,27.09,2470.0,27.01,20.02,Low,Too Low,Ideal,Normal,Critical
2025-12-11 16:30:06,5.55,509.0,0.14,63.61,27.38,2480.0,27.02,23.68,Low,Too Low,Ideal,Normal,Critical
2025-12-11 16:30:16,5.76,505.0,1.69,69.91,27.46,2477.0,27.65,20.73,Low,Too Low,Ideal,Normal,Critical
2025-12-11 16:30:21,5.83,503.0,0.08,60.16,27.98,2480.0,27.79,23.06,Low,Too Low,Ideal,Normal,Critical
2025-12-11 16:30:26,6.0,505.0,1.83,64.85,27.17,2482.0,27.12,21.06,Normal,Too Low,Ideal,Normal,Critical
2025-12-11 16:30:36,6.27,500.0,0.25,64.21,27.94,2472.0,27.36,24.33,Normal,Too Low,Ideal,Normal,Critical
2025-12-11 16:30:41,5.91,498.0,0.26,64.18,27.11,2483.0,27.05,21.69,Low,Too Low,Ideal,Normal,Critical
2025-12-11 16:30:51,6.22,501.0,0.29,68.46,27.73,2480.0,27.7,21.61,Normal,Too Low,Ideal,Normal,Critical
2025-12-11 16:30:56,6.28,505.0,1.59,66.93,27.84,2481.0,27.55,24.84,Normal,Too Low,Ideal,Normal,Critical
2025-12-11 16:31:06,6.04,505.0,0.33,60.66,27.1,2480.0,27.67,21.57,Normal,Too Low,Ideal,Normal,Critical
2025-12-11 16:31:11,5.86,508.0,1.46,65.91,27.61,2471.0,27.36,23.1,Low,Too Low,Ideal,Normal,Critical
2025-12-11 16:31:21,6.18,507.0,0.69,69.76,27.25,2481.0,27.72,24.7,Normal,Too Low,Ideal,Normal,Critical
2025-12-11 16:31:31,6.22,506.0,1.25,67.95,27.18,2478.0,27.4,22.8,Normal,Too Low,Ideal,Normal,Critical
2025-12-11 16:31:36,6.49,504.0,1.62,60.21,27.54,2484.0,27.8,20.14,Normal,Too Low,Ideal,Normal,Critical
2025-12-11 16:31:46,6.28,508.0,0.23,66.22,27.48,2471.0,27.87,23.78,Normal,Too Low,Ideal,Normal,Critical
2025-12-11 16:31:56,6.0,499.0,0.98,67.22,27.62,2488.0,27.43,20.23,Low,Too Low,Ideal,Normal,Critical
2025-12-11 16:32:06,6.35,502.0,1.91,65.86,27.67,2480.0,27.26,23.13,Normal,Too Low,Ideal,Normal,Critical
2025-12-11 16:32:16,5.93,505.0,0.97,60.74,27.11,2484.0,27.26,22.93,Low,Too Low,Ideal,Normal,Critical
2025-12-11 16:32:26,6.12,509.0,1.36,60.68,27.76,2473.0,27.49,24.17,Normal,Too Low,Ideal,Normal,Critical
2025-12-11 16:32:31,6.04,502.0,0.53,66.01,27.11,2482.0,27.16,23.8,Normal,Too Low,Ideal,Normal,Critical
2025-12-11 16:32:41,6.37,504.0,0.27,66.54,27.98,2471.0,27.58,20.02,Normal,Too Low,Ideal,Normal,Critical
2025-12-11 16:32:46,6.02,505.0,0.91,63.9,27.69,2487.0,27.9,24.19,Normal,Too Low,Ideal,Normal,Critical
2025-12-11 16:32:51,5.91,501.0,1.7,66.04,27.27,2471.0,27.47,22.04,Low,Too Low,Ideal,Normal,Critical
2025-12-11 16:33:01,6.39,505.0,0.5,61.16,28.0,2476.0,27.42,20.59,Normal,Too Low,Ideal,Normal,Critical
2025-12-11 16:33:06,6.34,500.0,1.5,69.65,27.99,2474.0,27.8,23.89,Normal,Too Low,Ideal,Normal,Critical
2025-12-11 16:33:11,5.94,505.0,1.53,67.18,27.75,2476.0,27.06,22.2,Low,Too Low,Ideal,Normal,Critical
2025-12-11 16:33:16,5.65,500.0,0.11,69.63,27.65,2477.0,27.67,20.33,Low,Too Low,Ideal,Normal,Critical
2025-12-11 16:33:26,5.57,506.0,0.67,60.57,27.16,2476.0,27.67,24.54,Low,Too Low,Ideal,Normal,Critical
2025-12-11 16:33:36,5.79,504.0,0.5,67.08,27.15,2470.0,27.95,20.13,Low,Too Low,Ideal,Normal,Critical
2025-12-11 16:33:41,6.28,505.0,0.02,61.64,27.06,2481.0,27.89,24.9,Normal,Too Low,Ideal,Normal,Critical
2025-12-11 16:33:46,5.51,502.0,1.97,62.81,27.76,2486.0,27.99,23.2,Low,Too Low,Ideal,Normal,Critical
2025-12-11 16:33:56,5.62,499.0,1.29,65.67,27.08,2488.0,27.77,24.46,Low,Too Low,Ideal,Normal,Critical
2025-12-11 16:34:01,6.01,499.0,1.5,60.12,27.17,2477.0,27.09,22.96,Normal,Too Low,Ideal,Normal,Critical
2025-12-11 16:34:11,5.89,501.0,1.84,68.02,27.49,2488.0,27.94,23.4,Low,Too Low,Ideal,Normal,Critical
2025-12-11 16:34:21,5.81,502.0,1.37,63.11,27.93,2482.0,27.29,24.27,Low,Too Low,Ideal,Normal,Critical
2025-12-11 16:34:26,5.98,509.0,0.09,68.12,27.17,2484.0,27.07,23.47,Normal,Too Low,Ideal,Normal,Critical
2025-12-11 16:34:31,6.17,503.0,1.24,65.27,27.82,2479.0,27.1,23.99,Normal,Too Low,Ideal,Normal,Critical
2025-12-11 16:34:41,6.35,504.0,0.73,64.52,27.95,2484.0,27.35,21.43,Normal,Too Low,Ideal,Normal,Critical
2025-12-11 16:34:51,6.5,499.0,1.87,65.42,27.01,2471.0,27.28,24.13,Normal,Too Low,Ideal,Normal,Critical
2025-12-11 16:34:56,5.69,506.0,0.33,67.88,27.33,2483.0,27.48,22.46,Low,Too Low,Ideal,Normal,Critical
2025-12-11 16:35:01,5.67,500.0,0.96,69.57,28.0,2473.0,27.9,23.65,Low,Too Low,Ideal,Normal,Critical
2025-12-11 16:35:11,5.81,498.0,0.49,62.2,27.71,2484.0,27.08,20.73,Low,Too Low,Ideal,Normal,Critical
2025-12-11 16:35:21,6.0,498.0,1.43,65.07,27.39,2472.0,27.24,20.89,Normal,Too Low,Ideal,Normal,Critical
2025-12-11 16:35:26,5.89,500.0,1.42,64.5,27.1,2487.0,27.72,22.85,Low,Too Low,Ideal,Normal,Critical
2025-12-11 16:35:37,5.92,509.0,0.81,63.77,27.21,2477.0,27.4,20.7,Low,Too Low,Ideal,Normal,Critical
2025-12-11 16:35:46,5.82,508.0,0.22,60.52,27.03,2482.0,27.17,21.65,Low,Too Low,Ideal,Normal,Critical
2025-12-11 16:35:51,5.63,503.0,1.83,67.0,27.85,2477.0,27.66,20.74,Low,Too Low,Ideal,Normal,Critical
2025-12-11 16:36:01,5.9,500.0,1.76,63.51,27.15,2475.0,27.36,23.51,Low,Too Low,Ideal,Normal,Critical
2025-12-11 16:36:06,6.48,502.0,1.45,69.07,27.39,2471.0,27.77,22.39,Normal,Too Low,Ideal,Normal,Critical
2025-12-11 16:36:11,6.0,508.0,1.92,61.89,27.94,2470.0,27.15,24.51,Normal,Too Low,Ideal,Normal,Critical
2025-12-11 16:36:21,5.81,508.0,1.62,61.66,27.2,2483.0,27.05,24.13,Low,Too Low,Ideal,Normal,Critical
2025-12-11 16:36:31,6.24,505.0,1.16,62.3,27.86,2483.0,27.95,21.5,Normal,Too Low,Ideal,Normal,Critical
2025-12-11 16:36:41,5.71,504.0,0.33,61.74,27.08,2483.0,27.98,22.62,Low,Too Low,Ideal,Normal,Critical
2025-12-11 16:36:46,6.17,499.0,0.73,60.21,27.56,2484.0,27.5,23.61,Normal,Too Low,Ideal,Normal,Critical
2025-12-11 16:36:56,5.62,505.0,0.5,67.68,27.82,2483.0,27.11,24.46,Low,Too Low,Ideal,Normal,Critical
2025-12-11 16:37:06,6.29,504.0,0.89,65.13,27.4,2471.0,27.8,24.08,Normal,Too Low,Ideal,Normal,Critical
2025-12-11 16:37:12,5.71,502.0,0.59,62.21,27.95,2485.0,27.57,22.48,Low,Too Low,Ideal,Normal,Critical
2025-12-11 16:37:22,5.7,506.0,1.96,68.16,27.88,2476.0,27.38,22.33,Low,Too Low,Ideal,Normal,Critical
2025-12-11 16:37:31,5.58,499.0,1.44,66.79,27.26,2477.0,27.44,21.56,Low,Too Low,Ideal,Normal,Critical
2025-12-11 16:37:37,5.86,498.0,1.14,64.28,27.4,2487.0,27.0,20.14,Low,Too Low,Ideal,Normal,Critical
2025-12-11 16:37:47,5.52,503.0,1.08,60.44,27.49,2478.0,27.97,20.01,Low,Too Low,Ideal,Normal,Critical
2025-12-11 16:37:56,6.37,507.0,0.47,63.63,27.16,2485.0,27.43,21.06,Normal,Too Low,Ideal,Normal,Critical
2025-12-11 16:38:02,5.67,506.0,0.88,69.57,27.52,2478.0,27.93,24.75,Low,Too Low,Ideal,Normal,Critical
2025-12-11 16:38:12,6.07,502.0,0.29,61.53,27.88,2472.0,27.83,23.19,Normal,Too Low,Ideal,Normal,Critical
2025-12-11 16:38:17,5.86,505.0,0.28,63.57,27.4,2482.0,27.73,23.59,Low,Too Low,Ideal,Normal,Critical
2025-12-11 16:38:23,6.38,500.0,0.19,65.23,27.13,2473.0,27.07,22.77,Normal,Too Low,Ideal,Normal,Critical
2025-12-11 16:38:32,6.26,498.0,0.16,65.52,27.4,2482.0,27.84,24.27,Normal,Too Low,Ideal,Normal,Critical
2025-12-11 16:38:37,6.48,502.0,1.75,61.79,27.17,2476.0,27.13,23.58,Normal,Too Low,Ideal,Normal,Critical
2025-12-11 16:38:42,6.33,504.0,1.16,69.61,27.66,2474.0,27.62,23.51,Normal,Too Low,Ideal,Normal,Critical
2025-12-11 16:38:52,5.54,499.0,0.29,69.93,27.61,2470.0,27.19,22.13,Low,Too Low,Ideal,Normal,Critical
2025-12-11 16:39:02,5.65,891.0,1.07,61.38,27.34,2485.0,27.93,20.81,Low,Low,Ideal,Normal,Warning
2025-12-11 16:39:07,5.98,884.0,0.54,62.88,27.86,2486.0,27.59,22.09,Normal,Low,Ideal,Normal,Warning
2025-12-11 16:39:17,6.27,868.0,1.7,68.67,27.24,2487.0,27.12,23.51,Normal,Low,Ideal,Normal,Warning
2025-12-11 16:39:22,6.06,857.0,1.76,65.54,27.41,2471.0,27.48,20.02,Normal,Low,Ideal,Normal,Warning
2025-12-11 16:39:27,6.02,906.0,1.26,66.59,27.14,2470.0,27.49,20.2,Normal,Low,Ideal,Normal,Warning
2025-12-11 16:39:32,5.93,926.0,0.64,62.67,27.14,2482.0,27.14,21.57,Low,Low,Ideal,Normal,Warning
2025-12-11 16:39:42,6.32,1316.0,1.32,60.91,27.22,2473.0,27.97,24.31,Normal,Normal,Ideal,Normal,Optimal
2025-12-11 16:39:47,6.48,1495.0,1.61,60.93,27.0,2476.0,27.28,22.6,Normal,Normal,Ideal,Normal,Optimal
2025-12-11 16:39:57,6.49,1462.0,0.86,68.13,27.81,2483.0,27.33,21.86,Normal,Normal,Ideal,Normal,Optimal
2025-12-11 16:40:02,6.39,1307.0,1.26,69.24,27.6,2486.0,27.65,23.98,Normal,Normal,Ideal,Normal,Optimal
2025-12-11 16:40:07,6.42,1475.0,0.79,61.18,27.18,2474.0,27.42,24.65,Normal,Normal,Ideal,Normal,Optimal
2025-12-11 16:40:12,6.45,1365.0,0.71,60.56,27.3,2487.0,27.44,20.55,Normal,Normal,Ideal,Normal,Optimal
2025-12-11 16:40:22,6.45,1370.0,1.27,60.74,27.9,2485.0,27.29,24.01,Normal,Normal,Ideal,Normal,Optimal
2025-12-11 16:40:33,6.42,1443.0,0.56,68.82,27.36,2472.0,27.77,24.58,Normal,Normal,Ideal,Normal,Optimal
2025-12-11 16:40:42,6.39,1451.0,0.95,65.15,27.61,2482.0,27.51,24.56,Normal,Normal,Ideal,Normal,Optimal
2025-12-11 16:40:47,6.43,1329.0,1.74,66.71,27.87,2480.0,27.02,21.22,Normal,Normal,Ideal,Normal,Optimal
2025-12-11 16:40:57,6.42,1305.0,1.17,63.7,27.99,2484.0,27.8,22.32,Normal,Normal,Ideal,Normal,Optimal
2025-12-11 16:41:07,6.38,1472.0,0.1,63.64,27.47,2483.0,27.13,20.22,Normal,Normal,Ideal,Normal,Optimal
2025-12-11 16:41:17,6.33,1303.0,1.93,64.44,27.56,2486.0,27.2,20.16,Normal,Normal,Ideal,Normal,Optimal
2025-12-11 16:41:22,6.32,1450.0,1.99,67.18,27.92,2480.0,27.9,20.12,Normal,Normal,Ideal,Normal,Optimal
2025-12-11 16:41:27,6.41,1392.0,1.66,66.22,27.17,2481.0,27.86,23.0,Normal,Normal,Ideal,Normal,Optimal
2025-12-11 16:41:32,6.39,1322.0,1.31,69.45,27.88,2473.0,27.8,20.5,Normal,Normal,Ideal,Normal,Optimal
2025-12-11 16:41:42,6.38,1332.0,1.8,62.08,27.78,2484.0,27.5,21.23,Normal,Normal,Ideal,Normal,Optimal
2025-12-11 16:41:47,6.35,1361.0,1.82,69.0,27.54,2484.0,27.81,23.09,Normal,Normal,Ideal,Normal,Optimal
2025-12-11 16:41:52,6.47,1417.0,1.09,69.45,27.42,2472.0,27.61,21.43,Normal,Normal,Ideal,Normal,Optimal
2025-12-11 16:42:02,6.48,1451.0,0.52,60.16,27.98,2483.0,27.42,22.59,Normal,Normal,Ideal,Normal,Optimal
2025-12-11 16:42:12,6.42,1357.0,0.83,65.21,27.42,2486.0,27.48,22.57,Normal,Normal,Ideal,Normal,Optimal
2025-12-11 16:42:22,6.39,1341.0,0.65,67.56,27.52,2475.0,27.07,22.03,Normal,Normal,Ideal,Normal,Optimal
2025-12-11 16:42:32,6.34,1405.0,1.16,68.18,27.25,2481.0,27.1,21.3,Normal,Normal,Ideal,Normal,Optimal
2025-12-11 16:42:37,6.46,1471.0,1.75,66.23,27.13,2471.0,27.79,22.02,Normal,Normal,Ideal,Normal,Optimal
2025-12-11 16:42:43,6.39,1343.0,0.62,66.45,27.33,2481.0,27.62,24.3,Normal,Normal,Ideal,Normal,Optimal
2025-12-11 16:42:52,6.48,1305.0,1.56,64.85,27.86,2481.0,27.35,24.81,Normal,Normal,Ideal,Normal,Optimal
2025-12-11 16:42:57,6.4,1301.0,0.3,65.21,27.17,2478.0,27.19,24.19,Normal,Normal,Ideal,Normal,Optimal
2025-12-11 16:43:07,6.44,1433.0,1.33,63.34,27.83,2481.0,27.04,24.97,Normal,Normal,Ideal,Normal,Optimal
2025-12-11 16:43:12,6.46,1369.0,1.27,64.8,27.65,2480.0,27.07,22.47,Normal,Normal,Ideal,Normal,Optimal
2025-12-11 16:43:17,6.39,1442.0,1.41,62.79,27.77,2483.0,27.34,21.44,Normal,Normal,Ideal,Normal,Optimal
2025-12-11 16:43:27,6.32,1344.0,0.42,63.9,27.06,2482.0,27.72,23.29,Normal,Normal,Ideal,Normal,Optimal
